{
  "#comment": {
    "p": "prefix Frama",
    "s": "suffixe (ou nom du site)",
    "a": "en ou abbr ; s'applique sur le suffixe",
    "c": "couleur : b = bleu, r = rouge, v = vert, o = orange, j = jaune, f = violet",
    "i": "classe CSS pour l'icône Font awesome",
    "l": "URL du projet",

    "git": "dépôt Framagit",
    "soft": "nom du logiciel source",
    "src": "URL du site de développement du logiciel",
    "cloud": "URL du tuto Framacloud",

    "d0": "infobulle Contact",
    "t1": "titre Accueil / Nav",
    "d1": "description Accueil / Nav",

    "t2": "titre DIo",
    "d2": "description courte DIo",
    "d3": "description longue DIo",
    "d4": "description très longue DIo (modale)"
  },
  "meta": {
    "lg": "fr",
    "home": {
      "p": "Frama",
      "s": "soft",
      "c": "o",
      "l": "https://framasoft.org"
    },
    "soutenir": {
      "s": "Faire un don ?",
      "i": "fa-heart",
      "l": "https://soutenir.framasoft.org",

      "t1": "Parce que libre ne signifie pas gratuit",
      "d1": "Framasoft ne serait rien sans sa communauté de bénévoles mais ne pourrait pas fonctionner non plus sans le service de l’association qui a des frais et emploie cinq indispensables permanents. Notre financement dépend de vous, c’est-à-dire des dons individuels collectés sur Internet. Si vous pensez que nous le méritons…"
    },
    "myframa": {
      "s": "MyFrama",
      "i": "fa-star",
      "l": "https://my.framasoft.org",

      "t1": "Marquez et partagez vos liens",
      "d1": "MyFrama est un petit fourre-tout numérique, qui vous permet de conserver et retrouver les liens que vous aimez à la manière de del.ico.us ! Avec un système d´étiquettes et de tri automatique, vous pouvez ranger aisément vos onglets et marque-pages, et utiliser le bouton MyFrama pour retrouver les services Framasoft que vous utilisez !"
    },
    "benevalo": {
      "s": "Bénévalo",
      "i": "fa-paw",
      "l": "https://soutenir.framasoft.org/node/add/benevalo",

      "t1": "Le bénévolat valorisé, qu’est-ce que c’est ?",
      "d1": "Amis bénévoles, vous avez contribué récemment à l’activité de Framasoft ? C’est le moment de remplir votre bénévolat valorisé. Le « bénévalo » permet de rendre compte de l’activité des bénévoles et de confirmer que Framasoft reste bien une association majoritairement non lucrative. C’est important pour nous."
    },
    "modaldon": {
      "t": "Soutenez Framasoft",
      "d": [
        "<p>Vous êtes sur le point %c$.modal.don[1]% une ressource <b>libre</b> issue de la vingtaine de projets du réseau Framasoft.</p>",
        "<p>Cette ressource est <b>gratuite</b> (et le sera tant que nous existerons) parce que <b>Framasoft est une association d’intérêt général à but non lucratif</b> dont l’objectif est justement la diffusion du logiciel libre et sa culture au plus large public.",
        "<p>Mais tout ceci est rendu possible parce que Framasoft est <b>soutenue par les dons (défiscalisables) de ses utilisateurs</b>.</p>",
        "<p>Merci de prendre quelques minutes en nous aidant à pérenniser et développer notre action.</p>"
      ],
      "b1": "Je veux faire un don<br /> à l’association Framasoft",
      "b2": "Je veux participer.<br />Par où on commence ?",
      "b3": "Non merci, je souhaite seulement %c$.modal.don[2]%",
      "b4": "Je soutiens déjà Framasoft"
    },
    "optin": {
      "t": "J’accepte que Framasoft m’envoie à cette adresse des informations importantes",
      "d1": "(Promis, nous ne revendons pas nos fichiers, même à la NSA !)",
      "d2": "Pourquoi m’inscrire ?",
      "e1": "Les adresses emails ne correspondent pas.",
      "e2": "L’adresse email %f$_email% n’est pas valide.",
      "s1": "Votre adresse email <strong>%f$_email%</strong> a été ajoutée à notre liste. Vous devriez avoir reçu un email de confirmation."
    }
  },
  "t": {
    "newwindow": "nouvelle fenêtre",
    "close": "Fermer",
    "nevershow": "Ne plus afficher",
    "toggle": "Afficher/masquer le menu",
    "skip": "Sauter le menu",
    "pause": "Pause",
    "play": "Lecture",
    "slide-prev": "Diapo précédente",
    "slide-next": "Diapo suivante",
    "mobile": "Activer le mode mobile",
    "desktop": "Désactiver le mode mobile",
    "type-your-email": "Saisissez votre courriel",
    "your-email": "Votre courriel",
    "subscribe":"S'abonner",
    "to-the-newsletter": " à la lettre d’informations",
    "source": "Source",
    "contact-us": "Contactez-nous",
    "another-question": "Votre question n’est pas listée ?"
  },
  "menu": {
    "soft": { "name": "Logiciel libre" },
    "culture": { "name": "Culture libre" },
    "services": { "name": "Services libres" },
    "follow": { "name": "Nous suivre" },
    "about": { "name": "À propos" },
    "community": { "name": "Communauté" },
    "site": { "name": "Site" }
  },
  "f": {
    "libre": {
      "p": "Frama",
      "s": "libre",
      "c": "b",
      "i": "fa-linux",
      "l": "http://framalibre.org",
      "git": "https://framagit.org/framasoft/framalibre",
      "doc": "https://docs.framasoft.org/fr/framalibre/",

      "d0": "Annuaire de logiciels libres",
      "t1": "L’annuaire de logiciels libres",
      "d1": "Plus de 1600 logiciels classés, testés et commentés dans le projet historique et fondateur de Framasoft. On y trouve également des tutoriels et des articles de fond."

    },
    "key": {
      "p": "Frama",
      "s": "key",
      "a": "en",
      "c": "b",
      "i": "fa-usb",
      "l": "https://framakey.org",

      "d0": "Clé usb",
      "t1": "Le plein de liberté dans une simple clé",
      "d1": "Dans une clé USB (ou tout autre support mobile) utiliser en mode nomade une centaine de logiciels libres portables pour Windows, tester voire installer une distribution GNU/Linux ou encore avoir accès hors ligne à toute la Wikipédia francophone."
    },
    "dvd": {
      "p": "Frama",
      "s": "dvd",
      "a": "abbr",
      "c": "b",
      "i": "fa-play-circle-o",
      "l": "http://framadvd.org",

      "d0": "DVD",
      "t1": "Le plein de liberté dans un DVD",
      "d1": "Un DVD rempli non seulement des meilleurs logiciels libres pour Windows, Mac et GNU/Linux (avec une distribution dedans) mais aussi de la culture libre (textes, photos, audios et vidéos). Existe en une version spéciale école."
    },
    "pack": {
      "p": "Frama",
      "s": "pack",
      "c": "b",
      "i": "fa-download",
      "l": "https://framapack.org",
      "git": "https://framagit.org/framasoft/framapack",
      "doc": "https://docs.framasoft.org/fr/framapack/",

      "d0": "Installateur de logiciels",
      "t1": "Distribution massive",
      "d1": "Pratique, sur Framapack on fait son marché des meilleurs logiciels libres Windows dans leur dernière version. On les sélectionne et ils s’installent tous ensemble d’un simple clic !"
    },
    "start": {
      "p": "Frama",
      "s": "start",
      "c": "b",
      "i": "fa-rocket",
      "l": "http://framastart.org",
      "git": "https://framagit.org/framasoft/framastart",

      "t1": "Framastart",
      "d1": "Le meilleur des logiciels libres sur une seule page."
    },
    "evl": {
      "p": "EnVente",
      "s": "Libre",
      "c": "b",
      "i": "fa-shopping-cart",
      "l": "https://enventelibre.org/40-framasoft",

      "d0": "Boutique",
      "t1": "Notre libre petite boutique",
      "d1": "L’espace vente des différents produits Framasoft qui peuvent se matérialiser : Framakey, Framabook, Framadvd mais aussi des goodies et des tee-shirts."
    },
    "vvl": {
      "s": "Veni Vidi Libri",
      "c": "b",
      "i": "fa-legal",
      "l": "http://vvlibri.org",

      "t1": "Veni Vidi Libri",
      "d1": "Tout ce que vous avez toujours voulu savoir sur les licences libres."
    },
    "clibre": {
      "s": "CLibre.eu",
      "c": "b",
      "i": "fa-leaf",
      "l": "http://clibre.eu",

      "t1": "CLibre.eu",
      "d1": "Un annuaire des principaux logiciels et alternatives libres"
    },
    "blog": {
      "p": "Frama",
      "s": "blog",
      "c": "r",
      "i": "fa-pencil",
      "l": "https://framablog.org",

      "d0": "Blog",
      "t1": "L’actualité du « Libre »",
      "d1": "Chroniques quotidiennes autour du Libre en général et du logiciel libre en particulier. De riches débats dans les commentaires, de nombreuses traductions originales et les annonces des nouveautés de l’ensemble du réseau Framasoft."
    },
    "book": {
      "p": "Frama",
      "s": "book",
      "a": "en",
      "c": "r",
      "i": "fa-book",
      "l": "http://framabook.org",

      "d0": "Livres",
      "t1": "Le pari du livre libre",
      "d1": "Notre maison d’édition qui comporte une vingtaine de titres autour du logiciel libre, initiation à la programmation, réflexion sur le droit d’auteur mais aussi des BD et même un roman. Un livre libre offre au lecteur les mêmes libertés qu’un logiciel libre."
    },
    "bookin": {
      "p": "Frama",
      "s": "bookin",
      "c": "r",
      "i": "fa-coffee",
      "l": "http://framabookin.org",
      "git": "https://framagit.org/framasoft/framabookin",
      "soft": "BicBucStriim",
      "src": "https://github.com/rvolz/BicBucStriim",
      "cloud": "http://framacloud.org/cultiver-son-jardin/installation-d-un-serveur-opds/",

      "d0": "Bibliothèque",
      "t1": "Une bibliothèque numérique libre",
      "d1": "Notre bibliothèque numérique qui contient quelques centaines d’ouvrages libres ou du domaine public. Elle est consultable en ligne sur les plateformes mobiles (smartphones, tablettes, liseuses…) et peut aussi être ajoutée directement dans votre application préférée de lecture d’ebook grâce au flux OPDS."
    },
    "lang": {
      "p": "Frama",
      "s": "lang",
      "c": "r",
      "i": "fa-language",
      "l": "https://framablog.org/framalang",

      "t1": "Traduction collaborative",
      "d1": "Traduire tous ensemble, principalement de l’anglais vers le français, dans la convivialité en bénéficiant de la force d’Internet et de la bonne volonté de ses habitants. Il peut s’agir d’articles, de sous-titrage et même de livres entiers !"
    },
    "tube": {
      "p": "Frama",
      "s": "tube",
      "c": "r",
      "i": "fa-film",
      "l": "https://framatube.org",

      "d0": "Vidéos",
      "t1": "Notre « YouTube » du Libre",
      "d1": "Vidéos en français (ou sous-titrées en français) autour du logiciel libre en particulier et du Libre en général. Interviews, conférences, documentaires, extraits télévisés… pour s’informer mais aussi informer les autres."
    },
    "zic": {
      "p": "Frama",
      "s": "zic",
      "c": "r",
      "i": "fa-music",
      "l": "http://framazic.org",

      "d0": "Musique",
      "t1": "Quand la musique est libre",
      "d1": "Une « musique libre » est une musique qui offre au mélomane les mêmes libertés qu’un logiciel libre. Un site dédié permettant de mieux la comprendre accompagné d’une petite sélection permettant de constater que la qualité est au rendez-vous."
    },
    "evl2": {
      "p": "EnVente",
      "s": "Libre",
      "c": "r",
      "i": "fa-shopping-cart",
      "l": "https://enventelibre.org/40-framasoft",

      "d0": "Boutique",
      "t1": "Notre libre petite boutique",
      "d1": "L’espace vente des différents produits Framasoft qui peuvent se matérialiser : Framakey, Framabook, Framadvd mais aussi des goodies et des tee-shirts."
    },
    "ptilouk": {
      "s": "Ptilouk",
      "c": "r",
      "i": "fa-picture-o",
      "l": "http://ptilouk.net",

      "t1": "Ptilouk",
      "d1": "Bandes dessinées libres"
    },
    "noenaute": {
      "s": "NoeNaute",
      "c": "r",
      "i": "fa-book",
      "l": "http://noenaute.fr",

      "t1": "NoeNaute",
      "d1": "Romans feuilleton geeks et libres"
    },
    "planet-libre": {
      "s": "Planet-libre",
      "c": "r",
      "i": "fa-globe",
      "l": "http://planet-libre.org",

      "t1": "Planet-libre",
      "d1": "Sélection de nouvelles du libre francophone."
    },
    "dio": {
      "p": "Dégooglisons ",
      "s": "Internet",
      "c": "o",
      "i": "fa-shield",
      "l": "https://degooglisons-internet.org",
      "git": "https://framagit.org/framasoft/degooglisons",

      "d0": "Campagne de sensibilitation",
      "t1": "<b class='violet'>Dégooglisons</b> <b class='orange'>Internet</b> : une ambitieuse campagne.",
      "d1": "Les services en ligne de géants tentaculaires comme Google, Amazon, Facebook, Apple ou Microsoft (GAFAM) mettent en danger nos vies numériques. Aujourd’hui, <b class='violet'>Frama</b><b class='orange'>soft</b> se lance un défi audacieux : vous proposer, avec votre aide, une alternative Libre, Éthique, Décentralisé et Solidaire pour chacun de ces services."
    },
    "pad": {
      "p": "Frama",
      "s": "pad",
      "c": "v",
      "i": "fa-align-left",
      "l": "https://framapad.org",
      "git": "https://framagit.org/framasoft/framapad",
      "soft": "Etherpad",
      "src": "https://github.com/ether/etherpad-lite",
      "doc": "https://docs.framasoft.org/fr/etherpad/",

      "d0": "Traitement de texte",
      "t1": "Éditer collaborativement",
      "d1": "Écrivons tous ensemble sur le même document dans une interface de rédaction collective en ligne. Aucune inscription requise, on se donne un pseudo, une couleur et on se lance !",

      "t2": "Outil de rédaction collaborative",
      "d2": "Rédaction collaborative",
      "d3": "Du traitement de texte en ligne et à plusieurs !",
      "d4": [
        "<p>",
          "%f.pad.F% est un service de rédaction collaborative en ligne basé sur le logiciel %f.pad.soft%.",
        "</p>",
        "<p>",
          "Un « pad » est un éditeur de texte en ligne. Son vrai plus ? L’édition collaborative : les contributions de chaque",
          "utilisateur apparaissent immédiatement dans les pads de tous les participants, signalées par un code couleur.",
        "</p>",
        "<p class=\"violet\">Fonctionnalités :</p>",
        "<ul>",
          "<li>Ouvrir un pad public ou privé</li>",
          "<li>Rédiger votre document</li>",
          "<li>Inviter des collaborateurs</li>",
          "<li>Un code couleur pour chacun</li>",
          "<li>Tchat intégré</li>",
          "<li>Historique des versions</li>",
          "<li>Exporter votre travail</li>",
          "<li>Et bientôt : gérer des sessions et des groupes avec MyPads !</li>",
        "</ul>"
      ]
    },
    "calc": {
      "p": "Frama",
      "s": "calc",
      "c": "v",
      "i": "fa-th",
      "l": "https://framacalc.org",
      "git":  "https://framagit.org/framasoft/framacalc",
      "soft": "Ethercalc",
      "src": "https://github.com/audreyt/ethercalc",

      "d0": "Tableur",
      "t1": "Un tableur collaboratif",
      "d1": "Framacalc est au tableur ce que Framapad est au traitement de texte, autrement dit la possibilité d’éditer simplement et collectivement en ligne sur un même document."
    },
    "forms": {
      "p": "Frama",
      "s": "forms",
      "c": "v",
      "i": "fa-list-ul",
      "l": "https://framaforms.org",
      "git":  "https://framagit.org/framasoft/framaforms",
      "soft": "Webform",
      "src": "https://www.drupal.org/project/webform",
      "doc": "https://docs.framasoft.org/fr/framaforms/",

      "d0": "Questionnaires",
      "t1": "Création de questionnaires",
      "d1": "Framaforms vous permet de créer les questionaires dont vous avez besoin, que ce soit dans un cadre scolaire, familial ou associatif. Créez vos questions en fonction de vos besoins, des formulaires à choix multiples aux champs de texte libre."
    },
    "agenda": {
      "p": "Fram",
      "s": "agenda",
      "c": "v",
      "i": "fa-calendar",
      "l": "https://framagenda.org",
      "git":  "https://framagit.org/framasoft/framagenda",
      "soft": "Nextcloud",
      "src": "https://github.com/nextcloud/",
      "doc": "https://docs.framasoft.org/fr/nextcloud/",

      "d0": "Agenda",
      "t1": "Agenda partagé",
      "d1": "Avec Framagenda vous pouvez créer des agendas personnels, professionnels, le planning d´une salle ou des activités de votre organisation, et les partager librement. Vous restez maîtres de vos données, et vous choisissez auprès de qui, où et quand elles s´affichent."
    },
    "date": {
      "p": "Frama",
      "s": "date",
      "a": "en",
      "c": "v",
      "i": "fa-calendar-check-o",
      "l": "https://framadate.org",
      "git": "https://framagit.org/framasoft/framadate",
      "doc": "https://docs.framasoft.org/fr/framadate/",

      "d0": "Alternative à Doodle",
      "t1": "Organiser des rendez-vous et des sondages",
      "d1": "Framadate c’est un peu comme Doodle mais en libre. Rien de plus simple de créer un rendez-vous ou un sondage sans inscription pour y inviter vos collaborateurs."
    },
    "board": {
      "p": "Frama",
      "s": "board",
      "a": "en",
      "c": "v",
      "i": "fa-dashboard",
      "l": "https://framaboard.org",
      "git":  "https://framagit.org/framasoft/framaboard",
      "soft": "Kanboard",
      "src": "https://github.com/fguillot/kanboard",
      "doc": "https://docs.framasoft.org/fr/kanboard/",

      "d0": "Alternative à Trello",
      "t1": "Gérer des projets",
      "d1": "Framaboard est un gestionnaire collaboratif de tâches et de projets, en suivant la méthode Kanban. Son système visuel permet de s’y retrouver au premier coup d’œil, quelle que soit votre habitude à utiliser ce genre d’outil."
    },
    "mindmap": {
      "p": "Fra",
      "s": "mindmap",
      "a": "en",
      "c": "v",
      "i": "fa-sitemap fa-rotate-270",
      "l": "https://framindmap.org",
      "git":  "https://framagit.org/framasoft/framindmap",
      "soft": "Wisemapping",
      "src": "https://bitbucket.org/wisemapping/wisemapping-open-source",

      "d0": "Cartes mentales",
      "t1": "Créer des cartes mentales",
      "d1": "Interface fluide et intuitive pour créer rapidement et simplement des cartes heuristiques à même votre navigateur. Pertinent en situation de brainstorming ou de prise de notes."
    },
    "vectoriel": {
      "p": "Frama",
      "s": "vectoriel",
      "c": "v",
      "i": "fa-paint-brush",
      "l": "http://framavectoriel.org",
      "git":  "https://framagit.org/framasoft/framavectoriel",
      "soft": "SVG-Edit",
      "src": "https://github.com/SVG-Edit/svgedit",
      "cloud": "http://framacloud.org/cultiver-son-jardin/installation-de-svg-edit/",

      "d0": "Dessin",
      "t1": "Dessiner en vectoriel",
      "d1": "Pour créer et éditer simplement et rapidement de belles images en ligne au format ouvert SVG. Les enfants adorent !"
    },
    "slides": {
      "p": "Frama",
      "s": "slides",
      "c": "v",
      "i": "fa-pie-chart",
      "l": "https://framaslides.org",
      "git":  "https://framagit.org/framasoft/framaslides",
      "soft": "Strut",
      "src": "https://github.com/tantaman/Strut",
      "doc": "https://docs.framasoft.org/fr/strut/",

      "d0": "Diaporamas",
      "t1": "Créer et partager des diaporamas",
      "d1": "Framaslides vous permet de créer directement en ligne un diaporama ou une présentation, d’y accéder avec une simple connexion internet, et de la partager."
    },
    "maestro": {
      "p": "Fra",
      "s": "maestro",
      "c": "v",
      "i": "fa-magic",
      "l": "https://framaestro.org",
      "git": "https://framagit.org/framasoft/framaestro",
      "doc": "https://docs.framasoft.org/fr/framaestro/",

      "d0": "Tableau de bord",
      "t1": "Ochestrez vos projets collaboratifs",
      "d1": "Besoin en même temps d’un pad pour prendre des notes, d’un tableau d’organisation, et d’une vidéo-conférence ? Avec Framaestro, c'est vous qui organisez les outils qu’il vous faut, sur une seule et unique page web."
    },
    "bee": {
      "p": "Frama",
      "s": "bee",
      "a": "en",
      "c": "v",
      "i": "fa-search",
      "l": "https://framabee.org",
      "soft": "Searx",
      "src": "https://github.com/asciimoo/searx",

      "d0": "Moteur de recherche",
      "t1": "Le moteur qui butine les internets pour vous",
      "d1": "Framabee est un meta-moteur de recherche libre et anonyme. Vos recherches effectuées au travers de ce moteur sont envoyées à différents moteurs avant d’être affichées dans votre navigateur. L’intérêt ? Notre moteur est alors un intermédiaire entre vous et Google (et autres), ainsi vos données personnelles (adresse IP, historique de vos recherches, géolocalisation, profil) ne sont pas enregistrées chez eux."
    },
    "carte": {
      "p": "Frama",
      "s": "carte",
      "c": "v",
      "i": "fa-map",
      "l": "https://framacarte.org",
      "git":  "https://framagit.org/framasoft/framacarte",
      "soft": "uMap",
      "src": "https://github.com/umap-project",
      "doc": "https://docs.framasoft.org/fr/umap/",

      "d0": "Cartes géographiques personnalisées",
      "t1": "Cartographie personnalisée",
      "d1": "Framacarte vous permet de dessiner, marquer, colorier, annoter… les fonds de carte d’OpenStreetMap pour les afficher ensuite dans votre site web ou les imprimer."
    },
    "sphere": {
      "p": "Frama",
      "s": "sphère",
      "c": "v",
      "i": "fa-asterisk",
      "l": "https://framasphere.org",
      "git":  "https://framagit.org/framasoft/framasphere",
      "soft": "Disapora*",
      "src": "https://github.com/diaspora",
      "doc": "https://docs.framasoft.org/fr/diaspora/",

      "d0": "Réseau social Diaspora*",
      "t1": "Le réseau social libre",
      "d1": "Framasphère est un réseau social libre, basé sur le logiciel décentralisé Diaspora*. Retrouvez vos amis sur Framasphère - ou d’autres pods Diaspora* - et échangez avec eux sans être pisté."
    },
    "piaf": {
      "p": "Frama",
      "s": "piaf",
      "c": "v",
      "i": "fa-retweet",
      "l": "https://framapiaf.org",
      "git":  "https://framagit.org/framasoft/framapiaf",
      "soft": "Mastodon",
      "src": "https://github.com/tootsuite/mastodon",
      "doc": "https://docs.framasoft.org/fr/mastodon/",

      "d0": "Microblogging",
      "t1": "Réseau social en 500 caractères",
      "d1": "Framapiaf est un service libre de microblogging, basé sur le logiciel décentralisé Mastodon. Retrouvez vos amis sur Framapiaf - ou d’autres instances Mastodon, GNU Social, Friendica - et échangez avec eux sans être pisté."
    },
    "team": {
      "p": "Frama",
      "s": "team",
      "a": "en",
      "c": "v",
      "i": "fa-comments-o",
      "l": "https://framateam.org",
      "soft": "Mattermost",
      "src": "https://github.com/mattermost",
      "doc": "https://docs.framasoft.org/fr/mattermost/",

      "d0": "Communication collaborative",
      "t1": "Communication collaborative",
      "d1": "Framateam est un service de tchat libre qui permet de communiquer avec son équipe en notifiant ses collègues, de conserver ses conversations et d’y faire des recherches."
    },
    "listes": {
      "p": "Frama",
      "s": "listes",
      "c": "v",
      "i": "fa-group",
      "l": "https://framalistes.org",
      "soft": "Sympa",
      "src": "https://www.sympa.org/",
      "doc": "https://docs.framasoft.org/fr/sympa/",

      "d0": "Liste de diffusion",
      "t1": "Liste de diffusion",
      "d1": "Framalistes vous permet de créer des liste de diffusion emails : toute personne s´abonnant à votre liste pourra recevoir les emails qui y sont envoyés, et y participer à son tour. À vous de choisir si cette liste est publique, semi-privée ou privée."
    },
    "talk": {
      "p": "Frama",
      "s": "talk",
      "c": "v",
      "i": "fa-video-camera",
      "l": "https://framatalk.org",
      "git":  "https://framagit.org/framasoft/framatalk",
      "soft": "Jitsi Meet",
      "src": "https://github.com/jitsi/jitsi-meet/",
      "doc": "https://docs.framasoft.org/fr/jitsimeet/",

      "d0": "Visioconférence",
      "t1": "Visioconférence",
      "d1": "Framatalk vous permet de discuter avec vos amis sans installation complexe de logiciel ni inscription. Tout se passe entre vous et vos amis, directement depuis votre navigateur web."
    },
    "vox": {
      "p": "Frama",
      "s": "vox",
      "c": "v",
      "i": "fa-bullhorn",
      "l": "https://framavox.org",
      "git":  "https://framagit.org/framasoft/framasphere",
      "soft": "Loomio",
      "src": "https://github.com/loomio",
      "cloud": "http://framacloud.org/cultiver-son-jardin/installation-de-loomio/",
      "doc": "https://docs.framasoft.org/fr/loomio/",

      "d0": "Prise de décision",
      "t1": "Décider ensemble",
      "d1": "Framavox vous aide à prendre des décisions communautaires. Discutez, échangez, mettez-vous d’accord et passez à l’action, le tout dans les délais que vous vous êtes fixés au départ."
    },
    "petitions": {
      "p": "Frama",
      "s": "petitions",
      "c": "v",
      "i": "fa-balance-scale",
      "l": "https://framapetitions.org",
      "git":  "https://framagit.org/framasoft/framapetitions",
      "soft": "Webform",
      "src": "https://www.drupal.org/project/webform",
      "cloud": "http://framacloud.org/cultiver-son-jardin/installation-de-framapetitions/",

      "d0": "Pétitions",
      "t1": "Des pétitions sans offrir les adresses de vos soutiens",
      "d1": "Framapetitions vous permet de lancer des pétitions sur les sujets qui vous tiennent à cœur. En quelques clics, votre pétition est publiée et les adresses de vos soutiens ne seront pas exploités par des régies publicitaires."
    },
    "sites": {
      "p": "Frama",
      "s": "sites",
      "c": "v",
      "i": "fa-globe",
      "l": "https://framasites.org",
      "git":  "https://framagit.org/framasoft/framasites",
      "soft": "Grav",
      "src": "https://getgrav.org/",
      "cloud": "http://framacloud.org/cultiver-son-jardin/installation-de-grav/",

      "d0": "Hébergement de sites",
      "t1": "Créez un site web qui respectera vos visiteurs",
      "d1": "Framasites vous permet de créer un site web facilement, avec des outils libres et de l’héberger sur nos serveurs. Aucune publicité ni traquage ne portera atteinte aux données de vos visiteurs et visiteuses."
    },
    "memo": {
      "p": "Fra",
      "s": "memo",
      "c": "v",
      "i": "fa-object-group",
      "l": "https://framemo.org",
      "git":  "https://framagit.org/framasoft/framemo",
      "soft": "Scrumblr",
      "src": "https://github.com/aliasaria/scrumblr",

      "d0": "Brainstorming",
      "t1": "Mettez vos idées au clair",
      "d1": "Framemo est un service minimaliste qui permet d’éditer et d’organiser collaborativement des idées sous forme de notes"
    },
    "notes": {
      "p": "Frama",
      "s": "notes",
      "c": "v",
      "i": "fa-sticky-note",
      "l": "https://framanotes.org",
      "git":  "https://framagit.org/framasoft/framanotes",
      "soft": "Turtl",
      "src": "https://github.com/turtl",
      "doc": "https://docs.framasoft.org/fr/turtl/",

      "d0": "Notes",
      "t1": "Prise de notes",
      "d1": "Avec Framanotes vous pouvez prendre et conserver des notes, images, liens… et même des fichiers ; et les synchroniser avec tous vos appareils (voire les partager avec des ami⋅e⋅s)."
    },
    "bag": {
      "p": "Frama",
      "s": "bag",
      "c": "v",
      "i": "fa-briefcase",
      "l": "https://framabag.org",
      "git":  "https://framagit.org/framasoft/framabag",
      "soft": "Wallabag",
      "src": "https://github.com/wallabag",
      "cloud": "http://framacloud.org/cultiver-son-jardin/installation-de-wallabag/",
      "doc": "https://docs.framasoft.org/fr/wallabag/",

      "d0": "Alternative à Pocket",
      "t1": "Ne ratez plus aucun article !",
      "d1": "Framabag vous permet de mettre de côté les articles que vous n’avez pas le temps de lire tout de suite."
    },
    "news": {
      "p": "Frama",
      "s": "news",
      "a": "en",
      "c": "v",
      "i": "fa-newspaper-o",
      "l": "https://framanews.org",
      "git":  "https://framagit.org/framasoft/framanews",
      "soft": "TT-RSS",
      "src": "https://tt-rss.org/gitlab/fox/tt-rss/wikis/home",

      "d0": "Lecteur de flux RSS",
      "t1": "Suivre l’actualité",
      "d1": "En vous abonnant aux flux RSS de vos sites préférés, restez informés de toutes leurs actualités avec Framanews !"
    },
    "games": {
      "p": "Frama",
      "s": "games",
      "a": "en",
      "c": "v",
      "i": "fa-gamepad",
      "l": "http://framagames.org",
      "git":  "https://framagit.org/framasoft/framagames",
      "soft": "Divers",

      "d0": "Compilation de jeux en ligne",
      "t1": "Jouer en ligne ou déconnecté",
      "d1": "Framagames est une compilation de jeux libres qui se jouent en ligne, se téléchargent sur son PC, sa tablette… et ne nécessitent aucune installation supplémentaire."
    },
    "minetest": {
      "p": "Fra",
      "s": "minetest",
      "a": "en",
      "c": "v",
      "i": "fa-cube",
      "l": "https://framinetest.org",
      "git":  "https://github.com/minetest",
      "soft": "Minetest",

      "d0": "L’alternative libre à Minecraft",
      "t1": "L’alternative libre à Minecraft",
      "d1": "Framinetest Édu est un monde du jeu « bac à sable » Minetest (monde de blocs à modifier) dédié à l'éducation, aux activités pédagogiques et au <i lang='en'>serious gaming</i>."
    },
    "drive": {
      "p": "Frama",
      "s": "drive",
      "a": "en",
      "c": "v",
      "i": "fa-cloud-upload",
      "l": "https://framadrive.org",
      "git":  "https://framagit.org/framasoft/framadrive",
      "soft": "Owncloud",
      "src": "https://github.com/owncloud/",
      "cloud": "http://framacloud.org/cultiver-son-jardin/installation-de-owncloud/",
      "doc": "https://docs.framasoft.org/fr/nextcloud/",

      "d0": "Alternative à Dropbox",
      "t1": "Héberger ses documents en ligne",
      "d1": "Framadrive vous permet de stocker vos documents en ligne, de les synchroniser sur vos ordinateurs, mobiles, etc… et de les partager avec qui vous voulez."
    },
    "drop": {
      "p": "Frama",
      "s": "drop",
      "c": "v",
      "i": "fa-send",
      "l": "https://framadrop.org",
      "git":  "https://framagit.org/framasoft/framadrop",
      "soft": "Lufi",
      "src": "https://framagit.org/luc/lufi",
      "cloud": "http://framacloud.org/cultiver-son-jardin/installation-de-lufi/",
      "doc": "https://docs.framasoft.org/fr/lufi/",

      "d0": "Alternative à WeTransfer",
      "t1": "Partager des fichiers anonymement",
      "d1": "Avec Framadrop, fini les pièces jointes trop lourdes qui empêchent l’envoi d’un email. Ce service libre vous permet de partager facilement des fichiers de manière sécurisé."
    },
    "bin": {
      "p": "Frama",
      "s": "bin",
      "a": "en",
      "c": "v",
      "i": "fa-paste",
      "l": "https://framabin.org",
      "git":  "https://framagit.org/framasoft/framabin",
      "soft": "Zerobin",
      "src": "https://github.com/sebsauvage/ZeroBin",
      "cloud": "http://framacloud.org/cultiver-son-jardin/installation-de-zerobin/",
      "doc": "https://docs.framasoft.org/fr/zerobin/",

      "d0": "Alternative à Pastebin",
      "t1": "Transmettre des données chiffrées",
      "d1": "Avec Framabin, vous pouvez partager des informations que seuls vous et votre correspondant aurez le pouvoir de déchiffrer, et ceci de manière très simple."
    },
    "pic": {
      "p": "Frama",
      "s": "pic",
      "c": "v",
      "i": "fa-photo",
      "l": "https://framapic.org",
      "git":  "https://framagit.org/framasoft/framapic",
      "soft": "Lutim",
      "src": "https://framagit.org/luc/lutim",
      "cloud": "http://framacloud.org/cultiver-son-jardin/installation-de-lutim/",
      "doc": "https://docs.framasoft.org/fr/lutim/",

      "d0": "Partage d’images",
      "t1": "Partager des images anonymement",
      "d1": "Framapic vous permet de partager facilement des images, par exemple pour les publier sur Twitter, Facebook, ou… Framasphère !"
    },
    "link": {
      "p": "Frama",
      "s": "link",
      "a": "en",
      "c": "v",
      "i": "fa-link",
      "l": "https://frama.link",
      "git":  "https://framagit.org/framasoft/framalink",
      "soft": "LSTU",
      "src": "https://framagit.org/luc/lstu",
      "cloud": "http://framacloud.org/cultiver-son-jardin/installation-de-lstu/",
      "doc": "https://docs.framasoft.org/fr/lstu/",

      "d0": "Raccourcisseur d’URL",
      "t1": "Réduire des liens",
      "d1": "Avec Frama.link, il est possible de raccourcir des adresses web trop longues. Sur les réseaux sociaux et le microblogging, un lien raccourci permet d’économiser de l’espace et gagner en clarté."
    },
    "git": {
      "p": "Frama",
      "s": "git",
      "a": "en",
      "c": "v",
      "i": "fa-git",
      "l": "https://framagit.org",
      "soft": "Gitlab",
      "src": "https://about.gitlab.com/contributing/",
      "doc": "https://docs.framasoft.org/fr/gitlab/",

      "d0": "Alternative à Github",
      "t1": "Héberger du code libre",
      "d1": "Framagit est un outil qui s’adresse avant tout aux développeurs. Il permet d’héberger vos projets de logiciels libres et de travailler collaborativement dessus."
    },
    "my": {
      "p": "My",
      "s": "Frama",
      "c": "v",
      "i": "fa-star",
      "l": "https://my.framasoft.org",
      "git":  "https://framagit.org/framasoft/myframa",
      "soft": "Shaarli",
      "src": "https://github.com/shaarli/Shaarli/",
      "cloud": "http://framacloud.org/cultiver-son-jardin/installation-de-shaarli/",
      "doc": "https://docs.framasoft.org/fr/shaarli/",

      "d0": "Marque-pages",
      "t1": "Marquez et partagez vos liens",
      "d1": "MyFrama est un petit fourre-tout numérique, qui vous permet de conserver et retrouver les liens que vous aimez à la manière de del.ico.us ! Avec un système d´étiquettes et de tri automatique, vous pouvez ranger aisément vos onglets et marque-pages, et utiliser le bouton MyFrama pour retrouver les services Framasoft que vous utilisez !"
    },
    "diaspora": {
      "s": "Diaspora*",
      "c": "f",
      "i": "fa-asterisk",
      "l": "https://framasphere.org/u/framasoft",

      "t1": "Framasoft sur Diaspora*",
      "d1": "Notre compte sur le réseau social libre Diaspora*"
    },
    "mastodon": {
      "s": "Mastodon",
      "c": "f",
      "i": "fa-retweet",
      "l": "https://framapiaf.org/@Framasoft",

      "t1": "Framasoft sur Mastodon",
      "d1": "Notre compte de microblogging sur le réseau social libre Mastodon"
    },
    "twitter": {
      "s": "Twitter",
      "c": "f",
      "i": "fa-twitter",
      "l": "https://twitter.com/framasoft",

      "t1": "Framasoft sur Twitter (on sait c’est mal…)",
      "d1": "Bien que Twitter ne soit pas libre, Framasoft y a un compte afin de sensibiliser le public qui ne connait pas le libre là où il se trouve.<br>Nous vous invitons évidemment à <b>nous suivre plutôt sur Mastodon</b>, mais on ne vous en voudra pas si vous le faites sur Twitter 😉"
    },
    "facebook": {
      "s": "Facebook",
      "c": "f",
      "i": "fa-facebook",
      "l": "https://www.facebook.com/framasoft",

      "t1": "Framasoft sur Facebook (on sait c’est très mal…)",
      "d1": "Bien que Facebook ne soit pas libre, Framasoft y a un compte afin de sensibiliser le public qui ne connait pas le libre là où il se trouve.<br>Nous vous invitons évidemment à <b>nous suivre plutôt sur Diaspora*</b>, mais on ne vous en voudra pas si vous le faites sur Facebook 😉"
    },
    "gplus": {
      "s": "Google+",
      "c": "f",
      "i": "fa-google-plus",
      "l": "https://plus.google.com/113481533567002271362",

      "t1": "Framasoft sur Google+ (honte à nous)",
      "d1": "Bien que Google+ ne soit pas libre, Framasoft y a un compte afin de sensibiliser le public qui ne connait pas le libre là où il se trouve.<br>Nous vous invitons évidemment à <b>nous suivre plutôt sur Diaspora*</b>, mais on ne vous en voudra pas si vous le faites sur Google+ (ou alors juste un peu 😉)"
    },
    "newsletter": {
      "s": "Newsletter",
      "a": "en",
      "c": "f",
      "i": "fa-envelope-o",
      "l": "https://contact.framasoft.org/newsletter",

      "t1": "Lettre d’informations",
      "d1": "Rejoignez <b>nos 60 000</b> abonnés à notre lettre d’informations."
    },
    "rss": {
      "p": "Flux ",
      "s": "RSS",
      "a": "abbr",
      "c": "f",
      "i": "fa-rss",
      "l": "https://rss.framasoft.org",

      "t1": "Flux RSS",
      "d1": "Flux RSS agrégé des différents sites."
    },
    "wikipedia": {
      "s": "Wikipédia",
      "c": "f",
      "i": "fa-wikipedia-w",
      "l": "https://fr.wikipedia.org/wiki/Framasoft",

      "t1": "Article Framasoft sur Wikipédia",
      "d1": "Parcourez le (long) article Framasoft sur l’(incontournable) encyclopédie libre Wikipédia."
    },
    "agora": {
      "p": "Fram",
      "s": "agora",
      "c": "f",
      "i": "fa-comment",
      "l": "https://forum.framasoft.org",

      "d0": "Forum",
      "t1": "Le forum du réseau Framasoft",
      "d1": "Vous avez une question ? Nous avons (peut-être) une réponse ! « Si tu ne sais pas, demande. Si tu sais, partage. » Framagora est notre convivial espace d’échange d’informations autour du Libre."
    },
    "wiki": {
      "p": "Frama",
      "s": "wiki",
      "c": "f",
      "i": "fa-puzzle-piece",
      "l": "https://wiki.framasoft.org",

      "t1": "Framawiki",
      "d1": "Le wiki de Framasoft"
    },
    "asso": {
      "s": "L’association",
      "c": "o",
      "i": "fa-home",
      "l": "https://soutenir.framasoft.org/association"
    },
    "participer": {
      "s": "Participer",
      "c": "o",
      "i": "fa-paw",
      "l": "https://participer.framasoft.org"
    },
    "charte": {
      "s": "Notre charte",
      "c": "o",
      "i": "fa-heart",
      "l": "https://framasoft.org/nav/html/charte.html"
    },
    "benevalo": {
      "s": "Bénévolat valorisé",
      "c": "o",
      "i": "fa-trophy",
      "l": "https://soutenir.framasoft.org/benevolat"
    },
    "contact": {
      "s": "Nous contacter",
      "c": "o",
      "i": "fa-envelope",
      "l": "https://contact.framasoft.org",

      "t1": "Contacter Framasoft",
      "d1": "Vous souhaitez prendre contact avec nous ?"
    },
    "partenaires": {
      "s": "Partenaires",
      "c": "o",
      "i": "fa-group",
      "l": "https://soutenir.framasoft.org/partenaires"
    },
    "stats": {
      "s": "Statistiques",
      "c": "o",
      "i": "fa-line-chart",
      "l": "http://framastats.org"
    },
    "status": {
      "s": "État des services",
      "c": "o",
      "i": "fa-heartbeat",
      "l": "https://status.framasoft.org"
    },
    "doc": {
      "s": "Documentation",
      "c": "o",
      "i": "fa-graduation-cap",
      "l": "https://docs.framasoft.org/fr/"
    },
    "faq": {
      "s": "FAQ",
      "a": "abbr",
      "c": "o",
      "i": "fa-question-circle",
      "l": "https://contact.framasoft.org/foire-aux-questions/"
    },
    "aide": {
      "s": "Aide",
      "c": "o",
      "i": "fa-life-ring",
      "l": "https://contact.framasoft.org/#aide"
    },
    "legals": {
      "s": "Mentions légales",
      "c": "o",
      "i": "fa-university",
      "l": "https://framasoft.org/nav/html/legals.html"
    },
    "cgu": {
      "s": "CGU",
      "a": "abbr",
      "c": "o",
      "i": "fa-legal",
      "l": "https://framasoft.org/nav/html/cgu.html"
    },
    "credits": {
      "s": "Crédits",
      "c": "o",
      "i": "fa-creative-commons",
      "l": "https://framasoft.org/nav/html/credits.html"
    }
  }
}
